{"name":"f28d215b-6df9-4326-a7c2-6479498bbc56","id":"/providers/Microsoft.Flow/flows/f28d215b-6df9-4326-a7c2-6479498bbc56","type":"Microsoft.Flow/flows","properties":{"apiId":"/providers/Microsoft.PowerApps/apis/shared_logicflows","displayName":"Snowflake RBAC to Fabric Workspace Sync","definition":{"metadata":{"workflowEntityId":null,"processAdvisorMetadata":null,"flowChargedByPaygo":null,"flowclientsuspensionreason":"None","flowclientsuspensiontime":null,"flowclientsuspensionreasondetails":null,"creator":{"id":"496bd347-65ed-4ab1-8045-db926d0699f6","type":"User","tenantId":"1f20830d-4000-4f8f-a5b7-83d9947e40ee"},"provisioningMethod":"FromDefinition","failureAlertSubscription":true,"clientLastModifiedTime":"2025-10-26T21:23:26.5142007Z","connectionKeySavedTimeKey":"2025-10-26T21:23:26.5142007Z","creationSource":"Portal","modifiedSources":"Portal"},"$schema":"https://schema.management.azure.com/providers/Microsoft.Logic/schemas/2016-06-01/workflowdefinition.json#","contentVersion":"1.0.0.0","parameters":{"$authentication":{"defaultValue":{},"type":"SecureObject"},"$connections":{"defaultValue":{},"type":"Object"}},"triggers":{"manual":{"type":"Request","kind":"Button","inputs":{"schema":{"type":"object","properties":{"text":{"description":"Fabric Workspace ID","title":"Text","type":"string","x-ms-content-hint":"TEXT","x-ms-dynamically-added":true}},"required":["text"]}}}},"actions":{"Get_RBAC_Mapping_CSV":{"runAfter":{},"metadata":{"b!XMeKGD2Qd0KXrWnE-ni4QrsVw0NFm-1KghJSQ1oCsu3lLZ-eLUOyRIbqloZmSEYa.01RKUSSWDCIKK3D3ZCHFCK3EED4UKNLPGF":"/FabCon/RBAC/snowflake_fabric_role_mapping.csv"},"type":"OpenApiConnection","inputs":{"parameters":{"id":"b!XMeKGD2Qd0KXrWnE-ni4QrsVw0NFm-1KghJSQ1oCsu3lLZ-eLUOyRIbqloZmSEYa.01RKUSSWDCIKK3D3ZCHFCK3EED4UKNLPGF","inferContentType":true},"host":{"apiId":"/providers/Microsoft.PowerApps/apis/shared_onedriveforbusiness","connectionName":"shared_onedriveforbusiness","operationId":"GetFileContent"},"authentication":{"value":"@json(decodeBase64(triggerOutputs().headers['X-MS-APIM-Tokens']))['$ConnectionKey']","type":"Raw"}}},"For_each_Snowflake_Role":{"foreach":"@outputs('RBAC_Roles_Array')","actions":{"Build_Fabric_API_Payload":{"type":"Compose","inputs":{"identifier":"demo-user@company.com","groupUserAccessRight":"@{items('For_each_Snowflake_Role')?['fabric_permission']}","principalType":"User"}},"Send_an_email_(V2)":{"runAfter":{"Build_Fabric_API_Payload":["Succeeded"]},"type":"OpenApiConnection","inputs":{"parameters":{"emailMessage/To":"tyler@rabiger.onmicrosoft.com","emailMessage/Subject":"RBAC Sync: @{items('For_each_Snowflake_Role')?['snowflake_role']}","emailMessage/Body":"<p class=\"editor-paragraph\">✅ RBAC Sync Action<br><br>Snowflake Role: @{items('For_each_Snowflake_Role')?['snowflake_role']}<br>→ Fabric Permission: @{items('For_each_Snowflake_Role')?['fabric_permission']}<br><br>Description: @{items('For_each_Snowflake_Role')?['description']}<br><br>Table Scope: @{items('For_each_Snowflake_Role')?['table_scope']}<br><br>Privileges: @{items('For_each_Snowflake_Role')?['privileges']}<br><br>━━━━━━━━━━━━━━━━━━━━━━━━━━━━━━━━━<br>API PAYLOAD<br>━━━━━━━━━━━━━━━━━━━━━━━━━━━━━━━━━<br><br>@{outputs('Build_Fabric_API_Payload')}<br><br>━━━━━━━━━━━━━━━━━━━━━━━━━━━━━━━━━<br>API ENDPOINT<br>━━━━━━━━━━━━━━━━━━━━━━━━━━━━━━━━━<br><br>POST /v1.0/myorg/groups/{workspaceId}/users<br><br>━━━━━━━━━━━━━━━━━━━━━━━━━━━━━━━━━<br><br>This demonstrates the RBAC automation concept.<br>In production, this would execute as an HTTP POST to Fabric REST API.</p>","emailMessage/Importance":"Normal"},"host":{"apiId":"/providers/Microsoft.PowerApps/apis/shared_office365","connectionName":"shared_office365","operationId":"SendEmailV2"},"authentication":{"value":"@json(decodeBase64(triggerOutputs().headers['X-MS-APIM-Tokens']))['$ConnectionKey']","type":"Raw"}}}},"runAfter":{"RBAC_Roles_Array":["Succeeded"]},"type":"Foreach"},"Send_Success_Summary":{"runAfter":{"For_each_Snowflake_Role":["Succeeded"]},"type":"OpenApiConnection","inputs":{"parameters":{"emailMessage/To":"tyler@rabiger.onmicrosoft.com","emailMessage/Subject":"✅ RBAC Sync Complete - All Roles Processed","emailMessage/Body":"<p class=\"editor-paragraph\">✅ RBAC Sync Complete - All Roles Processed<br><br>RBAC Synchronization completed successfully for workspace:<br>@{triggerBody()['text']}<br><br>All Snowflake roles have been mapped to Fabric workspace permissions:<br><br>- FINANCE_ADMIN → Admin<br>- FINANCE_ANALYST → Member  <br>- FINANCE_VIEWER → Viewer<br>- AP_MANAGER → Contributor<br>- BUDGET_ANALYST → Contributor<br><br>Each role generated the correct Fabric REST API payload.<br><br>API Endpoint Used:<br>https://api.powerbi.com/v1.0/myorg/groups/@{triggerBody()['text']}/users<br><br>In production, this flow would execute these POST calls automatically.<br>Migration completed in under 1 minute with zero manual intervention.</p>","emailMessage/Importance":"Normal"},"host":{"apiId":"/providers/Microsoft.PowerApps/apis/shared_office365","connectionName":"shared_office365","operationId":"SendEmailV2"},"authentication":{"value":"@json(decodeBase64(triggerOutputs().headers['X-MS-APIM-Tokens']))['$ConnectionKey']","type":"Raw"}}},"RBAC_Roles_Array":{"runAfter":{"Get_RBAC_Mapping_CSV":["Succeeded"]},"type":"Compose","inputs":[{"snowflake_role":"AP_MANAGER","fabric_permission":"Contributor","description":"Accounts Payable management with vendor access","table_scope":"Invoices, Vendors (read/write); Chart of Accounts, Cost Centers (read)","privileges":"SELECT, INSERT, UPDATE on AP tables"},{"snowflake_role":"BUDGET_ANALYST","fabric_permission":"Contributor","description":"Budget planning and variance analysis","table_scope":"Budget (read/write); GL, Chart of Accounts, Cost Centers (read)","privileges":"SELECT, INSERT, UPDATE on Budget; SELECT on GL/COA/CC"},{"snowflake_role":"FINANCE_ADMIN","fabric_permission":"Admin","description":"Full read/write access to all finance data","table_scope":"All tables: GL, Invoices, Budget, Vendors, Cost Centers, Chart of Accounts","privileges":"SELECT, INSERT, UPDATE, DELETE"},{"snowflake_role":"FINANCE_ANALYST","fabric_permission":"Member","description":"Read-only analyst access for reporting and analysis","table_scope":"GL, Chart of Accounts, Cost Centers, Budget, Invoices (excludes Vendors)","privileges":"SELECT"},{"snowflake_role":"FINANCE_VIEWER","fabric_permission":"Viewer","description":"Limited read access for executive dashboards","table_scope":"Budget, Cost Centers only","privileges":"SELECT"}]}},"outputs":{}},"connectionReferences":{"shared_onedriveforbusiness":{"connectionName":"shared-onedriveforbu-af0c7dd4-f4fb-4190-9b2e-3b9d49d80ecd","source":"Invoker","id":"/providers/Microsoft.PowerApps/apis/shared_onedriveforbusiness","tier":"NotSpecified","apiName":"onedriveforbusiness","isProcessSimpleApiReferenceConversionAlreadyDone":false},"shared_office365":{"connectionName":"shared-office365-a11b961d-daab-4f7d-9eef-43b277811314","source":"Invoker","id":"/providers/Microsoft.PowerApps/apis/shared_office365","tier":"NotSpecified","apiName":"office365","isProcessSimpleApiReferenceConversionAlreadyDone":false}},"flowFailureAlertSubscribed":false,"isManaged":false}}